time;res_p;res_rho;res_vx;res_vy;res_vz;elapsed_time
0;8.62613e-12;6.45506e-22;1.63323e-12;1.02953e-12;0;0.064004
0.0001;8.67651e-11;6.49276e-21;6.31283e-12;4.16087e-12;0;0.041871
0.0002;4.14511e-10;3.10185e-20;1.37523e-11;9.57379e-12;0;0.041009
0.0003;1.35595e-09;1.01468e-19;2.37394e-11;1.77499e-11;0;0.044668
0.0004;3.47969e-09;2.6039e-19;3.61017e-11;2.67907e-11;0;0.042853
0.0005;7.50444e-09;5.61568e-19;5.44577e-11;3.80154e-11;0;0.044397
0.0006;1.49105e-08;1.11577e-18;7.05458e-11;5.12704e-11;0;0.040438
0.0007;2.66579e-08;1.99485e-18;9.49288e-11;6.80974e-11;0;0.037545
0.0008;4.53009e-08;3.38993e-18;1.17298e-10;8.54987e-11;0;0.041466
0.0009;7.1759e-08;5.36983e-18;1.38582e-10;1.05853e-10;0;0.043396
0.001;1.05745e-07;7.91306e-18;1.61902e-10;1.26991e-10;0;0.040496
0.0011;1.47002e-07;1.10004e-17;1.87129e-10;1.49932e-10;0;0.040833
0.0012;1.9501e-07;1.45929e-17;2.14409e-10;1.77027e-10;0;0.040968
0.0013;2.53364e-07;1.89596e-17;2.43791e-10;2.05117e-10;0;0.044879
0.0014;3.23283e-07;2.41918e-17;2.79309e-10;2.34178e-10;0;0.042802
0.0015;4.02571e-07;3.0125e-17;3.11441e-10;2.68715e-10;0;0.039965
0.0016;4.94308e-07;3.69898e-17;3.46175e-10;3.01053e-10;0;0.044645
0.0017;6.01152e-07;4.49851e-17;3.82807e-10;3.36538e-10;0;0.03873
0.0018;7.23995e-07;5.41776e-17;4.2318e-10;3.75253e-10;0;0.044388
0.0019;8.58329e-07;6.423e-17;4.67425e-10;4.13541e-10;0;0.042526
0.002;1.02062e-06;7.63744e-17;5.08946e-10;4.53799e-10;0;0.043403
0.0021;1.20616e-06;9.02589e-17;5.53183e-10;4.96602e-10;0;0.042723
0.0022;1.41735e-06;1.06062e-16;6.00685e-10;5.41303e-10;0;0.043184
0.0023;1.65466e-06;1.23821e-16;6.48623e-10;5.89652e-10;0;0.038128
0.0024;1.92235e-06;1.43853e-16;6.99114e-10;6.40271e-10;0;0.043525
0.0025;2.21805e-06;1.6598e-16;7.57402e-10;6.94709e-10;0;0.033244
0.0026;2.54546e-06;1.9048e-16;8.16277e-10;7.52231e-10;0;0.0428
0.0027;2.92073e-06;2.18562e-16;8.69784e-10;8.05974e-10;0;0.042393
0.0028;3.34214e-06;2.50097e-16;9.28145e-10;8.60909e-10;0;0.040556
0.0029;3.79733e-06;2.8416e-16;1.00127e-09;9.17593e-10;0;0.037985
0.003;4.30803e-06;3.22376e-16;1.06244e-09;9.8346e-10;0;0.044605
0.0031;4.87275e-06;3.64635e-16;1.12252e-09;1.04566e-09;0;0.040699
0.0032;5.48952e-06;4.10789e-16;1.18494e-09;1.10745e-09;0;0.04173
0.0033;6.15951e-06;4.60925e-16;1.25128e-09;1.172e-09;0;0.043831
0.0034;6.875e-06;5.14467e-16;1.32345e-09;1.24259e-09;0;0.039378
0.0035;7.65141e-06;5.72566e-16;1.39171e-09;1.31044e-09;0;0.037137
0.0036;8.4966e-06;6.35813e-16;1.46312e-09;1.38276e-09;0;0.042922
0.0037;9.40852e-06;7.04053e-16;1.5357e-09;1.45824e-09;0;0.040957
0.0038;1.03888e-05;7.77413e-16;1.61059e-09;1.53564e-09;0;0.04447
0.0039;1.1431e-05;8.554e-16;1.68794e-09;1.60966e-09;0;0.044929
0.004;1.2547e-05;9.38914e-16;1.76652e-09;1.68539e-09;0;0.043125
0.0041;1.37467e-05;1.02868e-15;1.84741e-09;1.76689e-09;0;0.042957
0.0042;1.50045e-05;1.12281e-15;1.92967e-09;1.84675e-09;0;0.042933
0.0043;1.63499e-05;1.22349e-15;2.01392e-09;1.92997e-09;0;0.040197
0.0044;1.77904e-05;1.33128e-15;2.10319e-09;2.01647e-09;0;0.042323
0.0045;1.93363e-05;1.44696e-15;2.19186e-09;2.10317e-09;0;0.044019
0.0046;2.09513e-05;1.56782e-15;2.28208e-09;2.19742e-09;0;0.045826
0.0047;2.26887e-05;1.69783e-15;2.37327e-09;2.28762e-09;0;0.043862
0.0048;2.45316e-05;1.83574e-15;2.4708e-09;2.37935e-09;0;0.037629
0.0049;2.64708e-05;1.98085e-15;2.56559e-09;2.47188e-09;0;0.044379
0.005;2.8526e-05;2.13464e-15;2.66386e-09;2.57685e-09;0;0.038634
0.0051;3.06897e-05;2.29656e-15;2.76061e-09;2.67028e-09;0;0.041139
0.0052;3.30039e-05;2.46973e-15;2.85941e-09;2.76584e-09;0;0.041612
0.0053;3.54454e-05;2.65243e-15;2.97146e-09;2.86967e-09;0;0.041257
0.0054;3.80169e-05;2.84486e-15;3.07171e-09;2.96948e-09;0;0.04197
0.0055;4.07191e-05;3.04707e-15;3.17684e-09;3.07229e-09;0;0.042042
0.0056;4.3577e-05;3.26093e-15;3.28067e-09;3.17487e-09;0;0.043256
0.0057;4.6581e-05;3.48573e-15;3.38646e-09;3.27899e-09;0;0.044362
0.0058;4.97351e-05;3.72175e-15;3.49424e-09;3.38686e-09;0;0.040981
0.0059;5.30494e-05;3.96977e-15;3.60869e-09;3.49381e-09;0;0.040356
0.006;5.65238e-05;4.22976e-15;3.71659e-09;3.60245e-09;0;0.037019
0.0061;6.01359e-05;4.50006e-15;3.82706e-09;3.71402e-09;0;0.037651
0.0062;6.3936e-05;4.78443e-15;3.94058e-09;3.82699e-09;0;0.039786
0.0063;6.78781e-05;5.07942e-15;4.05742e-09;3.94034e-09;0;0.042767
0.0064;7.20265e-05;5.38985e-15;4.17405e-09;4.05529e-09;0;0.043923
0.0065;7.63556e-05;5.7138e-15;4.29234e-09;4.17633e-09;0;0.042135
0.0066;8.08804e-05;6.0524e-15;4.41439e-09;4.29508e-09;0;0.042384
0.0067;8.55839e-05;6.40437e-15;4.53976e-09;4.41362e-09;0;0.039115
0.0068;9.04479e-05;6.76835e-15;4.66065e-09;4.53423e-09;0;0.041632
0.0069;9.55779e-05;7.15224e-15;4.78381e-09;4.65573e-09;0;0.041447
0.007;0.000100905;7.55087e-15;4.9053e-09;4.78009e-09;0;0.042962
0.0071;0.000106485;7.96846e-15;5.0354e-09;4.9098e-09;0;0.044981
0.0072;0.00011228;8.40207e-15;5.16247e-09;5.03729e-09;0;0.04309
0.0073;0.00011826;8.84959e-15;5.2936e-09;5.16496e-09;0;0.043383
0.0074;0.000124484;9.31534e-15;5.42259e-09;5.29168e-09;0;0.043101
0.0075;0.000130959;9.79986e-15;5.55167e-09;5.42116e-09;0;0.044967
0.0076;0.000137673;1.03022e-14;5.68353e-09;5.55046e-09;0;0.044841
0.0077;0.000144634;1.08232e-14;5.8165e-09;5.68235e-09;0;0.0441
0.0078;0.000151791;1.13587e-14;5.95095e-09;5.82059e-09;0;0.04345
0.0079;0.000159243;1.19164e-14;6.09074e-09;5.95325e-09;0;0.044065
0.008;0.000166917;1.24906e-14;6.22712e-09;6.08651e-09;0;0.041409
0.0081;0.00017491;1.30888e-14;6.36457e-09;6.22246e-09;0;0.041753
0.0082;0.000183049;1.36978e-14;6.50303e-09;6.35791e-09;0;0.038065
0.0083;0.000191587;1.43367e-14;6.63879e-09;6.49462e-09;0;0.042424
0.0084;0.0002004;1.49962e-14;6.77932e-09;6.63252e-09;0;0.043875
0.0085;0.00020949;1.56765e-14;6.92087e-09;6.77155e-09;0;0.042933
0.0086;0.000218913;1.63816e-14;7.05971e-09;6.91517e-09;0;0.04068
0.0087;0.000228633;1.7109e-14;7.20415e-09;7.05612e-09;0;0.042604
0.0088;0.00023862;1.78563e-14;7.34895e-09;7.19815e-09;0;0.040192
0.0089;0.000248968;1.86306e-14;7.49129e-09;7.34066e-09;0;0.039464
0.009;0.000259545;1.94222e-14;7.63761e-09;7.48728e-09;0;0.041306
0.0091;0.000270523;2.02436e-14;7.78424e-09;7.63096e-09;0;0.040822
0.0092;0.000281689;2.10792e-14;7.93217e-09;7.77558e-09;0;0.043158
0.0093;0.000293322;2.19497e-14;8.08074e-09;7.92249e-09;0;0.040566
0.0094;0.000305238;2.28414e-14;8.22988e-09;8.06983e-09;0;0.030095
0.0095;0.000317542;2.37622e-14;8.37747e-09;8.21696e-09;0;0.018041
0.0096;0.000330192;2.47088e-14;8.52794e-09;8.36544e-09;0;0.018851
0.0097;0.000343192;2.56816e-14;8.67909e-09;8.51408e-09;0;0.019365
0.0098;0.000356547;2.6681e-14;8.83084e-09;8.66357e-09;0;0.016991
0.0099;0.000370261;2.77072e-14;8.9832e-09;8.81368e-09;0;0.018836
0.01;0.000384318;2.8759e-14;9.13611e-09;8.96446e-09;0;0.015121
0.0101;1.47476e-07;1.10358e-17;6.82976e-13;6.88924e-13;0;0.036198
0.0102;5.59801e-07;4.18908e-17;2.71398e-12;2.72412e-12;0;0.017687
0.0103;1.25213e-06;9.36988e-17;6.06567e-12;6.08174e-12;0;0.014995
0.0104;2.23267e-06;1.67074e-16;1.07542e-11;1.13229e-11;0;0.014516
0.0105;3.5072e-06;2.62449e-16;1.68182e-11;1.70982e-11;0;0.014407
0.0106;5.08213e-06;3.80304e-16;2.40836e-11;2.41458e-11;0;0.016403
0.0107;6.9599e-06;5.2082e-16;3.24091e-11;3.24372e-11;0;0.014177
0.0108;9.14942e-06;6.84665e-16;4.29653e-11;4.1944e-11;0;0.017188
0.0109;1.16788e-05;8.73942e-16;5.35361e-11;5.26423e-11;0;0.01474
0.011;1.45293e-05;1.08725e-15;6.55868e-11;6.45085e-11;0;0.01456
0.0111;1.76758e-05;1.32271e-15;7.83792e-11;7.76608e-11;0;0.011726
0.0112;2.11604e-05;1.58347e-15;9.27211e-11;9.17824e-11;0;0.013165
0.0113;2.49829e-05;1.86951e-15;1.07708e-10;1.07019e-10;0;0.010289
0.0114;2.91704e-05;2.18287e-15;1.23814e-10;1.23328e-10;0;0.011959
0.0115;3.36872e-05;2.52087e-15;1.41016e-10;1.407e-10;0;0.009593
0.0116;3.85596e-05;2.88547e-15;1.59341e-10;1.59112e-10;0;0.011941
0.0117;4.37928e-05;3.27708e-15;1.78656e-10;1.78542e-10;0;0.014601
0.0118;4.93977e-05;3.6965e-15;1.99124e-10;1.99081e-10;0;0.013904
0.0119;5.53675e-05;4.14323e-15;2.20456e-10;2.205e-10;0;0.014544
0.012;6.17146e-05;4.61819e-15;2.42774e-10;2.42888e-10;0;0.010913
0.0121;6.8442e-05;5.12161e-15;2.66059e-10;2.66225e-10;0;0.013811
0.0122;7.5563e-05;5.65449e-15;2.9029e-10;2.90497e-10;0;0.014554
0.0123;8.30655e-05;6.21592e-15;3.15449e-10;3.15663e-10;0;0.012106
0.0124;9.09568e-05;6.80643e-15;3.41361e-10;3.41741e-10;0;0.013617
0.0125;9.92575e-05;7.42759e-15;3.68307e-10;3.68698e-10;0;0.01411
0.0126;0.000107964;8.07908e-15;3.96832e-10;3.96598e-10;0;0.012643
0.0127;0.00011708;8.76124e-15;4.25413e-10;4.25243e-10;0;0.014592
0.0128;0.000126613;9.47464e-15;4.54831e-10;4.54718e-10;0;0.010185
0.0129;0.000136567;1.02195e-14;4.85081e-10;4.85004e-10;0;0.014269
0.013;0.000146954;1.09968e-14;5.15887e-10;5.16126e-10;0;0.012067
0.0131;0.000157766;1.18059e-14;5.47741e-10;5.47977e-10;0;0.011879
0.0132;0.000168998;1.26464e-14;5.80372e-10;5.80589e-10;0;0.010741
0.0133;0.000180681;1.35206e-14;6.13758e-10;6.13945e-10;0;0.012329
0.0134;0.000192814;1.44286e-14;6.47883e-10;6.48029e-10;0;0.011444
0.0135;0.000205389;1.53696e-14;6.82579e-10;6.82841e-10;0;0.010577
0.0136;0.000218399;1.63431e-14;7.18137e-10;7.1833e-10;0;0.011096
0.0137;0.000231888;1.73525e-14;7.54438e-10;7.54499e-10;0;0.011672
0.0138;0.000245839;1.83965e-14;7.91348e-10;7.91332e-10;0;0.013676
0.0139;0.000260254;1.94752e-14;8.2899e-10;8.28828e-10;0;0.010032
0.014;0.000275141;2.05892e-14;8.67185e-10;8.66937e-10;0;0.01304
0.0141;0.000290504;2.17388e-14;9.05994e-10;9.05662e-10;0;0.012034
0.0142;0.000306346;2.29243e-14;9.4549e-10;9.44988e-10;0;0.012168
0.0143;0.000322673;2.41461e-14;9.85469e-10;9.84952e-10;0;0.010073
0.0144;0.000339483;2.5404e-14;1.02634e-09;1.02522e-09;0;0.01306
0.0145;0.000356784;2.66987e-14;1.06742e-09;1.06625e-09;0;0.011688
0.0146;0.000374581;2.80305e-14;1.10905e-09;1.10782e-09;0;0.014393
0.0147;0.000392873;2.93993e-14;1.15123e-09;1.14993e-09;0;0.00912
0.0148;0.000411667;3.08056e-14;1.19404e-09;1.19254e-09;0;0.011561
0.0149;0.000430965;3.22497e-14;1.23719e-09;1.23571e-09;0;0.010651
0.015;0.00045077;3.37318e-14;1.28084e-09;1.27906e-09;0;0.011582
0.0151;0.000471087;3.52521e-14;1.32497e-09;1.32311e-09;0;0.011262
0.0152;0.000491919;3.6811e-14;1.36966e-09;1.36761e-09;0;0.011814
0.0153;0.000513261;3.84081e-14;1.41457e-09;1.41247e-09;0;0.009224
0.0154;0.000534973;4.00328e-14;1.46016e-09;1.45784e-09;0;0.014032
0.0155;0.000557377;4.17094e-14;1.50605e-09;1.50362e-09;0;0.012045
0.0156;0.000580307;4.34252e-14;1.55235e-09;1.54984e-09;0;0.01545
0.0157;0.000603767;4.51808e-14;1.59896e-09;1.59623e-09;0;0.014007
0.0158;0.000627693;4.69712e-14;1.64611e-09;1.64316e-09;0;0.008149
0.0159;0.000652203;4.88053e-14;1.69354e-09;1.69049e-09;0;0.006494
0.016;0.00067716;5.06729e-14;1.74133e-09;1.73813e-09;0;0.01086
0.0161;0.000702777;5.25898e-14;1.78955e-09;1.7862e-09;0;0.007464
0.0162;0.000728909;5.45453e-14;1.83799e-09;1.8345e-09;0;0.011989
0.0163;0.000755615;5.65438e-14;1.88675e-09;1.8831e-09;0;0.013386
0.0164;0.000782869;5.85832e-14;1.93582e-09;1.93201e-09;0;0.01372
0.0165;0.000810649;6.0662e-14;1.98518e-09;1.98122e-09;0;0.011511
0.0166;0.000838901;6.27762e-14;2.03481e-09;2.03064e-09;0;0.010119
0.0167;0.000867815;6.49399e-14;2.08471e-09;2.08058e-09;0;0.01082
0.0168;0.000897284;6.71451e-14;2.1349e-09;2.13054e-09;0;0.007221
0.0169;0.000927178;6.93821e-14;2.18471e-09;2.18075e-09;0;0.008174
0.017;0.000957757;7.16704e-14;2.23531e-09;2.23112e-09;0;0.007664
0.0171;0.000988847;7.39968e-14;2.28642e-09;2.28177e-09;0;0.008826
0.0172;0.00102051;7.63664e-14;2.33745e-09;2.33262e-09;0;0.006538
0.0173;0.00105277;7.87804e-14;2.38875e-09;2.38368e-09;0;0.006436
0.0174;0.00108551;8.12302e-14;2.44026e-09;2.43483e-09;0;0.008134
0.0175;0.00111894;8.37318e-14;2.49191e-09;2.48631e-09;0;0.011572
0.0176;0.00115292;8.62744e-14;2.54363e-09;2.53792e-09;0;0.012855
0.0177;0.00118735;8.88515e-14;2.59564e-09;2.58962e-09;0;0.007633
0.0178;0.00122247;9.14795e-14;2.64781e-09;2.64163e-09;0;0.007175
0.0179;0.0012581;9.41455e-14;2.70019e-09;2.69366e-09;0;0.007682
0.018;0.00129437;9.68599e-14;2.75262e-09;2.74475e-09;0;0.012959
0.0181;0.0013312;9.96157e-14;2.80519e-09;2.79707e-09;0;0.006379
0.0182;0.0013686;1.02415e-13;2.85842e-09;2.84954e-09;0;0.007594
0.0183;0.00140659;1.05257e-13;2.91118e-09;2.902e-09;0;0.006685
0.0184;0.00144482;1.08118e-13;2.96443e-09;2.95429e-09;0;0.010397
0.0185;0.00148392;1.11044e-13;3.01702e-09;3.00708e-09;0;0.010693
0.0186;0.00152366;1.14017e-13;3.0701e-09;3.05991e-09;0;0.010448
0.0187;0.00156393;1.17031e-13;3.12227e-09;3.11281e-09;0;0.013891
0.0188;0.00160478;1.20088e-13;3.17547e-09;3.16579e-09;0;0.006291
0.0189;0.0016462;1.23187e-13;3.22875e-09;3.21882e-09;0;0.011406
0.019;0.00168818;1.26329e-13;3.28278e-09;3.272e-09;0;0.011757
0.0191;0.00173075;1.29515e-13;3.33612e-09;3.32511e-09;0;0.010253
0.0192;0.00177389;1.32742e-13;3.38962e-09;3.37825e-09;0;0.007653
0.0193;0.00181758;1.36012e-13;3.44312e-09;3.43144e-09;0;0.007555
0.0194;0.00186186;1.39325e-13;3.49666e-09;3.48454e-09;0;0.008241
0.0195;0.00190671;1.42682e-13;3.55021e-09;3.53775e-09;0;0.007115
0.0196;0.00195213;1.46081e-13;3.60376e-09;3.59096e-09;0;0.007556
0.0197;0.00199812;1.49522e-13;3.65611e-09;3.64416e-09;0;0.010156
0.0198;0.00204469;1.53007e-13;3.7097e-09;3.69741e-09;0;0.008923
0.0199;0.00209182;1.56534e-13;3.76329e-09;3.7506e-09;0;0.010249
0.02;0.00213952;1.60104e-13;3.81648e-09;3.80378e-09;0;0.014059
0.0201;0.00218778;1.63715e-13;3.87008e-09;3.85695e-09;0;0.012766
0.0202;3.11961e-07;2.33445e-17;6.01073e-13;3.47926e-13;0;0.024091
0.0203;1.12967e-06;8.45345e-17;1.44827e-12;1.06307e-12;0;0.008836
0.0204;2.50148e-06;1.87189e-16;2.97513e-12;2.61198e-12;0;0.009676
0.0205;4.42203e-06;3.30907e-16;4.61904e-12;4.25175e-12;0;0.01224
0.0206;6.89497e-06;5.15961e-16;6.85524e-12;6.34908e-12;0;0.008093
0.0207;9.92097e-06;7.42401e-16;9.50537e-12;8.92662e-12;0;0.009209
0.0208;1.35008e-05;1.01028e-15;1.26369e-11;1.19923e-11;0;0.012898
0.0209;1.76399e-05;1.32002e-15;1.62588e-11;1.55137e-11;0;0.012915
0.021;2.23259e-05;1.67068e-15;2.03942e-11;1.95031e-11;0;0.007803
0.0211;2.7568e-05;2.06295e-15;2.51336e-11;2.39954e-11;0;0.006368
0.0212;3.33657e-05;2.49681e-15;3.01448e-11;2.89149e-11;0;0.011458
0.0213;3.97206e-05;2.97235e-15;3.56842e-11;3.42752e-11;0;0.009439
0.0214;4.6631e-05;3.48947e-15;4.16518e-11;4.00907e-11;0;0.006273
0.0215;5.41049e-05;4.04875e-15;4.83856e-11;4.63586e-11;0;0.006297
0.0216;6.21264e-05;4.64901e-15;5.53027e-11;5.3206e-11;0;0.006318
0.0217;7.07037e-05;5.29086e-15;6.26881e-11;6.03995e-11;0;0.005947
0.0218;7.98369e-05;5.97431e-15;7.05557e-11;6.80949e-11;0;0.007413
0.0219;8.95382e-05;6.70028e-15;7.89373e-11;7.61618e-11;0;0.006206
0.022;9.97781e-05;7.46654e-15;8.76572e-11;8.46208e-11;0;0.007126
0.0221;0.000110574;8.27442e-15;9.68399e-11;9.35348e-11;0;0.00689
0.0222;0.000121909;9.12262e-15;1.06495e-10;1.03004e-10;0;0.00685
0.0223;0.000133807;1.0013e-14;1.16585e-10;1.1284e-10;0;0.007744
0.0224;0.000146262;1.0945e-14;1.27114e-10;1.23083e-10;0;0.00637
0.0225;0.000159268;1.19183e-14;1.38191e-10;1.33818e-10;0;0.007
0.0226;0.000172834;1.29334e-14;1.49791e-10;1.449e-10;0;0.007003
0.0227;0.000186935;1.39886e-14;1.61725e-10;1.56454e-10;0;0.006975
0.0228;0.000201616;1.50872e-14;1.74319e-10;1.68419e-10;0;0.00661
0.0229;0.000216789;1.62226e-14;1.87173e-10;1.80832e-10;0;0.006047
0.023;0.000232507;1.73989e-14;2.00838e-10;1.93841e-10;0;0.006201
0.0231;0.000248796;1.86178e-14;2.15313e-10;2.07337e-10;0;0.007431
0.0232;0.000265643;1.98785e-14;2.29396e-10;2.2109e-10;0;0.006332
0.0233;0.000283044;2.11806e-14;2.4397e-10;2.35221e-10;0;0.007121
0.0234;0.00030096;2.25213e-14;2.59021e-10;2.49895e-10;0;0.006639
0.0235;0.000319439;2.39041e-14;2.74545e-10;2.64889e-10;0;0.007212
0.0236;0.000338461;2.53275e-14;2.90536e-10;2.80331e-10;0;0.007044
0.0237;0.000358026;2.67916e-14;3.07033e-10;2.96251e-10;0;0.0073
0.0238;0.000378103;2.8294e-14;3.23895e-10;3.12736e-10;0;0.007581
0.0239;0.000398749;2.9839e-14;3.41304e-10;3.29503e-10;0;0.00633
0.024;0.000419922;3.14233e-14;3.59146e-10;3.46778e-10;0;0.006425
0.0241;0.000441629;3.30478e-14;3.7737e-10;3.64432e-10;0;0.006037
0.0242;0.000463866;3.47118e-14;3.96073e-10;3.82562e-10;0;0.006979
0.0243;0.000486582;3.64117e-14;4.15388e-10;4.01172e-10;0;0.006975
0.0244;0.000509862;3.81537e-14;4.35073e-10;4.20206e-10;0;0.006475
0.0245;0.000533634;3.99326e-14;4.55576e-10;4.39683e-10;0;0.007607
0.0246;0.000557962;4.17531e-14;4.765e-10;4.59708e-10;0;0.006187
0.0247;0.000582801;4.36118e-14;4.97757e-10;4.80129e-10;0;0.006044
0.0248;0.000608175;4.55107e-14;5.19398e-10;5.00971e-10;0;0.007044
0.0249;0.000634004;4.74434e-14;5.41574e-10;5.22381e-10;0;0.006136
0.025;0.000660376;4.94169e-14;5.64275e-10;5.44182e-10;0;0.007494
0.0251;0.000687277;5.14299e-14;5.87562e-10;5.66418e-10;0;0.006349
0.0252;0.00071469;5.34813e-14;6.11512e-10;5.8917e-10;0;0.006103
0.0253;0.000742657;5.55741e-14;6.35834e-10;6.12363e-10;0;0.007091
0.0254;0.000771093;5.7702e-14;6.60384e-10;6.3613e-10;0;0.007071
0.0255;0.00080003;5.98675e-14;6.85621e-10;6.60232e-10;0;0.007127
0.0256;0.000829494;6.20722e-14;7.11434e-10;6.84801e-10;0;0.007163
0.0257;0.0008594;6.43102e-14;7.37585e-10;7.09986e-10;0;0.00651
0.0258;0.00088984;6.65881e-14;7.64256e-10;7.35518e-10;0;0.007063
0.0259;0.000920736;6.89001e-14;7.91419e-10;7.61576e-10;0;0.006911
0.026;0.000952017;7.12409e-14;8.19195e-10;7.88094e-10;0;0.006016
0.0261;0.000983905;7.36271e-14;8.47601e-10;8.15167e-10;0;0.005986
0.0262;0.00101611;7.60374e-14;8.7628e-10;8.42763e-10;0;0.005797
0.0263;0.00104899;7.84977e-14;9.0562e-10;8.70756e-10;0;0.005959
0.0264;0.00108232;8.09915e-14;9.35488e-10;8.9925e-10;0;0.00697
0.0265;0.00111613;8.35218e-14;9.65845e-10;9.28294e-10;0;0.006874
0.0266;0.00115039;8.60851e-14;9.96731e-10;9.57834e-10;0;0.007003
0.0267;0.00118502;8.86771e-14;1.0281e-09;9.87871e-10;0;0.006717
0.0268;0.00121992;9.12887e-14;1.06004e-09;1.01842e-09;0;0.006057
0.0269;0.00125554;9.39538e-14;1.09205e-09;1.04956e-09;0;0.006096
0.027;0.00129167;9.66573e-14;1.12508e-09;1.0811e-09;0;0.007027
0.0271;0.00132825;9.9395e-14;1.15863e-09;1.11327e-09;0;0.006069
0.0272;0.00136524;1.02163e-13;1.19278e-09;1.14591e-09;0;0.007598
0.0273;0.00140267;1.04964e-13;1.22726e-09;1.17915e-09;0;0.007173
0.0274;0.00144058;1.07801e-13;1.26245e-09;1.21289e-09;0;0.005977
0.0275;0.00147887;1.10666e-13;1.29823e-09;1.24705e-09;0;0.005967
0.0276;0.00151767;1.13569e-13;1.33449e-09;1.2818e-09;0;0.006099
0.0277;0.00155684;1.16501e-13;1.37152e-09;1.31725e-09;0;0.007108
0.0278;0.00159641;1.19462e-13;1.40902e-09;1.3531e-09;0;0.006931
0.0279;0.0016365;1.22462e-13;1.44717e-09;1.38952e-09;0;0.006824
0.028;0.00167701;1.25493e-13;1.48586e-09;1.42643e-09;0;0.006443
0.0281;0.00171784;1.28548e-13;1.52518e-09;1.46388e-09;0;0.006046
0.0282;0.0017592;1.31644e-13;1.56515e-09;1.50201e-09;0;0.007213
0.0283;0.00180096;1.34769e-13;1.60561e-09;1.54072e-09;0;0.007053
0.0284;0.00184309;1.37921e-13;1.64667e-09;1.57999e-09;0;0.007026
0.0285;0.00188566;1.41107e-13;1.68851e-09;1.61973e-09;0;0.006119
0.0286;0.00192859;1.44319e-13;1.73073e-09;1.66004e-09;0;0.007086
0.0287;0.00197187;1.47558e-13;1.77341e-09;1.70095e-09;0;0.008249
0.0288;0.00201557;1.50828e-13;1.81675e-09;1.74246e-09;0;0.006034
0.0289;0.00205968;1.54129e-13;1.86091e-09;1.78451e-09;0;0.006061
0.029;0.00210414;1.57456e-13;1.90563e-09;1.82726e-09;0;0.005881
0.0291;0.00214906;1.60817e-13;1.95023e-09;1.87054e-09;0;0.006048
0.0292;0.00219426;1.642e-13;1.99608e-09;1.91444e-09;0;0.006119
0.0293;0.00223991;1.67615e-13;2.04266e-09;1.9589e-09;0;0.006033
0.0294;0.00228589;1.71056e-13;2.0899e-09;2.00398e-09;0;0.007137
0.0295;0.00233229;1.74528e-13;2.13814e-09;2.0497e-09;0;0.006689
0.0296;0.00237902;1.78025e-13;2.18662e-09;2.09593e-09;0;0.006043
0.0297;0.00242613;1.81551e-13;2.23574e-09;2.14289e-09;0;0.006126
0.0298;0.0024736;1.85103e-13;2.28541e-09;2.1904e-09;0;0.007006
0.0299;0.00252144;1.88683e-13;2.33585e-09;2.23857e-09;0;0.005992
0.03;0.00256957;1.92285e-13;2.38707e-09;2.2878e-09;0;0.006153
0.0301;0.00261795;1.95905e-13;2.43924e-09;2.33708e-09;0;0.007119
0.0302;0.00266679;1.9956e-13;2.49149e-09;2.38708e-09;0;0.006071
0.0303;2.4981e-07;1.86936e-17;3.90679e-13;3.65799e-13;0;0.02436
0.0304;1.01802e-06;7.61798e-17;1.62422e-12;1.43022e-12;0;0.007084
0.0305;2.24488e-06;1.67987e-16;3.41477e-12;3.14618e-12;0;0.006994
0.0306;3.96092e-06;2.96401e-16;6.106e-12;5.58605e-12;0;0.007082
0.0307;6.08755e-06;4.5554e-16;9.36675e-12;8.70419e-12;0;0.007235
0.0308;8.6925e-06;6.50472e-16;1.33589e-11;1.25196e-11;0;0.00651
0.0309;1.17434e-05;8.78779e-16;1.83546e-11;1.70889e-11;0;0.005987
0.031;1.52449e-05;1.1408e-15;2.37837e-11;2.23521e-11;0;0.005702
0.0311;1.9215e-05;1.43789e-15;3.00182e-11;2.83945e-11;0;0.005799
0.0312;2.36404e-05;1.76905e-15;3.69939e-11;3.5128e-11;0;0.005959
0.0313;2.85327e-05;2.13514e-15;4.48842e-11;4.26511e-11;0;0.006101
0.0314;3.38607e-05;2.53385e-15;5.33418e-11;5.07975e-11;0;0.005732
0.0315;3.96435e-05;2.96658e-15;6.26614e-11;5.97601e-11;0;0.007023
0.0316;4.58815e-05;3.43338e-15;7.2672e-11;6.94178e-11;0;0.006919
0.0317;5.25613e-05;3.93324e-15;8.39127e-11;7.98981e-11;0;0.006086
0.0318;5.97051e-05;4.46782e-15;9.54629e-11;9.12233e-11;0;0.0072
0.0319;6.72753e-05;5.03431e-15;1.07938e-10;1.03292e-10;0;0.006057
0.032;7.52668e-05;5.63233e-15;1.21072e-10;1.15939e-10;0;0.005703
0.0321;8.36861e-05;6.26235e-15;1.35086e-10;1.29496e-10;0;0.005969
0.0322;9.25759e-05;6.92759e-15;1.49903e-10;1.43716e-10;0;0.006124
0.0323;0.00010185;7.62161e-15;1.65652e-10;1.58753e-10;0;0.005966
0.0324;0.000111571;8.34899e-15;1.82149e-10;1.74569e-10;0;0.006758
0.0325;0.000121732;9.10938e-15;1.99443e-10;1.91313e-10;0;0.006036
0.0326;0.000132286;9.89913e-15;2.17565e-10;2.08836e-10;0;0.005849
0.0327;0.000143249;1.07195e-14;2.36656e-10;2.27045e-10;0;0.016896
0.0328;0.000154633;1.15714e-14;2.56441e-10;2.46117e-10;0;0.007057
0.0329;0.000166434;1.24545e-14;2.77095e-10;2.65966e-10;0;0.005937
0.033;0.000178658;1.33692e-14;2.98622e-10;2.86704e-10;0;0.007713
0.0331;0.000191294;1.43148e-14;3.20993e-10;3.08214e-10;0;0.007134
0.0332;0.000204336;1.52908e-14;3.4419e-10;3.30562e-10;0;0.006979
0.0333;0.000217788;1.62974e-14;3.68672e-10;3.53765e-10;0;0.006083
0.0334;0.000231634;1.73335e-14;3.93571e-10;3.77812e-10;0;0.006943
0.0335;0.000245879;1.83995e-14;4.19504e-10;4.02696e-10;0;0.007033
0.0336;0.000260479;1.9492e-14;4.461e-10;4.28432e-10;0;0.006111
0.0337;0.000275499;2.0616e-14;4.73722e-10;4.5503e-10;0;0.00704
0.0338;0.000290907;2.1769e-14;5.02166e-10;4.82497e-10;0;0.006899
0.0339;0.000306669;2.29485e-14;5.3151e-10;5.10787e-10;0;0.006144
0.034;0.000322863;2.41603e-14;5.61691e-10;5.39977e-10;0;0.007296
0.0341;0.000339419;2.53992e-14;5.9282e-10;5.70077e-10;0;0.005973
0.0342;0.000356351;2.66663e-14;6.24882e-10;6.01021e-10;0;0.006883
0.0343;0.000373683;2.79633e-14;6.57789e-10;6.3281e-10;0;0.006982
0.0344;0.000391399;2.92889e-14;6.91651e-10;6.65562e-10;0;0.006064
0.0345;0.000409462;3.06407e-14;7.26503e-10;6.99045e-10;0;0.00605
0.0346;0.000427877;3.20187e-14;7.62199e-10;7.3363e-10;0;0.007705
0.0347;0.0004467;3.34272e-14;7.98793e-10;7.69015e-10;0;0.006127
0.0348;0.000465773;3.48545e-14;8.36381e-10;8.05334e-10;0;0.006057
0.0349;0.000485321;3.63173e-14;8.74866e-10;8.42444e-10;0;0.007194
0.035;0.000505219;3.78063e-14;9.1433e-10;8.80507e-10;0;0.006
0.0351;0.000525491;3.93233e-14;9.54753e-10;9.19497e-10;0;0.00651
0.0352;0.000546108;4.08661e-14;9.96049e-10;9.59446e-10;0;0.007097
0.0353;0.000567033;4.24319e-14;1.03857e-09;1.00027e-09;0;0.006071
0.0354;0.000588357;4.40277e-14;1.08136e-09;1.04205e-09;0;0.005969
0.0355;0.000610042;4.56503e-14;1.12542e-09;1.08471e-09;0;0.005654
0.0356;0.000632074;4.7299e-14;1.1701e-09;1.12841e-09;0;0.005623
0.0357;0.000654453;4.89737e-14;1.21609e-09;1.17293e-09;0;0.005915
0.0358;0.000677167;5.06734e-14;1.26311e-09;1.21828e-09;0;0.006157
0.0359;0.000700183;5.23958e-14;1.31082e-09;1.26468e-09;0;0.0069
0.036;0.000723552;5.41444e-14;1.35965e-09;1.31192e-09;0;0.006819
0.0361;0.000747255;5.59182e-14;1.40945e-09;1.36014e-09;0;0.005824
0.0362;0.000771256;5.77142e-14;1.46029e-09;1.40929e-09;0;0.005907
0.0363;0.000795637;5.95387e-14;1.51196e-09;1.45928e-09;0;0.005725
0.0364;0.000820356;6.13884e-14;1.56462e-09;1.51039e-09;0;0.00697
0.0365;0.000845383;6.32613e-14;1.61776e-09;1.56239e-09;0;0.007087
0.0366;0.000870734;6.51583e-14;1.67217e-09;1.61538e-09;0;0.007199
0.0367;0.000896387;6.7078e-14;1.72733e-09;1.66914e-09;0;0.006865
0.0368;0.000922309;6.90177e-14;1.78358e-09;1.72397e-09;0;0.006118
0.0369;0.000948547;7.09812e-14;1.84078e-09;1.77976e-09;0;0.006029
0.037;0.000975142;7.29713e-14;1.89917e-09;1.83636e-09;0;0.007088
0.0371;0.00100206;7.49854e-14;1.95855e-09;1.89386e-09;0;0.006781
0.0372;0.00102928;7.70225e-14;2.01826e-09;1.95239e-09;0;0.005885
0.0373;0.00105659;7.90665e-14;2.07976e-09;2.0117e-09;0;0.006019
0.0374;0.00108439;8.11467e-14;2.14208e-09;2.0722e-09;0;0.006213
0.0375;0.00111254;8.32529e-14;2.20556e-09;2.13352e-09;0;0.00708
0.0376;0.00114088;8.53736e-14;2.26988e-09;2.19589e-09;0;0.005897
0.0377;0.00116961;8.75236e-14;2.33516e-09;2.25919e-09;0;0.005689
0.0378;0.0011986;8.96933e-14;2.40115e-09;2.32339e-09;0;0.005944
0.0379;0.00122793;9.18875e-14;2.46835e-09;2.38859e-09;0;0.005679
0.038;0.00125751;9.41013e-14;2.53666e-09;2.45472e-09;0;0.006644
0.0381;0.00128738;9.63369e-14;2.60592e-09;2.52186e-09;0;0.006761
0.0382;0.00131753;9.85925e-14;2.6759e-09;2.58989e-09;0;0.005885
0.0383;0.00134793;1.00868e-13;2.74708e-09;2.65865e-09;0;0.006072
0.0384;0.0013784;1.03148e-13;2.81905e-09;2.72865e-09;0;0.005983
0.0385;0.00140934;1.05463e-13;2.89216e-09;2.79949e-09;0;0.00594
0.0386;0.0014406;1.07802e-13;2.96587e-09;2.87135e-09;0;0.005977
0.0387;0.00147215;1.10163e-13;3.04023e-09;2.94423e-09;0;0.005994
0.0388;0.00150383;1.12534e-13;3.11612e-09;3.01803e-09;0;0.005883
0.0389;0.00153591;1.14934e-13;3.1927e-09;3.09288e-09;0;0.005885
0.039;0.00156826;1.17355e-13;3.26997e-09;3.16846e-09;0;0.005925
0.0391;0.00160079;1.19789e-13;3.34874e-09;3.24506e-09;0;0.006028
0.0392;0.00163366;1.22249e-13;3.42847e-09;3.32246e-09;0;0.005964
0.0393;0.00166676;1.24726e-13;3.50815e-09;3.40091e-09;0;0.005882
0.0394;0.00170014;1.27224e-13;3.58945e-09;3.47998e-09;0;0.005988
0.0395;0.00173369;1.29734e-13;3.67197e-09;3.56024e-09;0;0.005866
0.0396;0.00176757;1.3227e-13;3.75555e-09;3.64158e-09;0;0.005833
0.0397;0.0018017;1.34824e-13;3.83994e-09;3.72363e-09;0;0.005952
0.0398;0.00183608;1.37397e-13;3.92557e-09;3.80672e-09;0;0.006024
0.0399;0.00187064;1.39983e-13;4.0114e-09;3.89085e-09;0;0.005991
0.04;0.00190539;1.42583e-13;4.09867e-09;3.97591e-09;0;0.006454
0.0401;0.0019405;1.45211e-13;4.18688e-09;4.06198e-09;0;0.005817
0.0402;0.00197585;1.47855e-13;4.27609e-09;4.1489e-09;0;0.005575
0.0403;0.00201144;1.50519e-13;4.36627e-09;4.23685e-09;0;0.005988
0.0404;1.87138e-07;1.40038e-17;5.27934e-13;5.79148e-13;0;0.022236
0.0405;7.40383e-07;5.5404e-17;2.22224e-12;2.32996e-12;0;0.005997
0.0406;1.67176e-06;1.251e-16;4.98909e-12;5.13464e-12;0;0.006032
0.0407;2.94371e-06;2.20282e-16;8.74963e-12;9.017e-12;0;0.005929
0.0408;4.55665e-06;3.40981e-16;1.35979e-11;1.37366e-11;0;0.005989
0.0409;6.51535e-06;4.87553e-16;1.93253e-11;1.9299e-11;0;0.005932
0.041;8.87592e-06;6.64198e-16;2.6195e-11;2.60667e-11;0;0.005848
0.0411;1.15692e-05;8.65743e-16;3.41129e-11;3.36753e-11;0;0.005997
0.0412;1.46287e-05;1.09469e-15;4.30982e-11;4.22951e-11;0;0.005922
0.0413;1.79828e-05;1.34568e-15;5.2974e-11;5.19253e-11;0;0.0058
0.0414;2.16941e-05;1.6234e-15;6.39833e-11;6.26457e-11;0;0.005863
0.0415;2.57449e-05;1.92653e-15;7.59579e-11;7.43375e-11;0;0.005731
0.0416;3.01721e-05;2.25782e-15;8.90911e-11;8.71834e-11;0;0.005983
0.0417;3.49127e-05;2.61257e-15;1.033e-10;1.01154e-10;0;0.006166
0.0418;4.00207e-05;2.9948e-15;1.18607e-10;1.16031e-10;0;0.005892
0.0419;4.54567e-05;3.40159e-15;1.34889e-10;1.31932e-10;0;0.00586
0.042;5.1227e-05;3.83339e-15;1.52313e-10;1.48858e-10;0;0.005951
0.0421;5.73523e-05;4.29176e-15;1.70668e-10;1.66983e-10;0;0.00585
0.0422;6.38174e-05;4.77555e-15;1.9015e-10;1.85988e-10;0;0.005675
0.0423;7.06372e-05;5.28588e-15;2.10986e-10;2.06066e-10;0;0.00593
0.0424;7.78438e-05;5.82517e-15;2.32552e-10;2.27164e-10;0;0.005922
0.0425;8.53293e-05;6.38532e-15;2.55222e-10;2.49315e-10;0;0.005882
0.0426;9.31673e-05;6.97184e-15;2.78901e-10;2.72561e-10;0;0.00582
0.0427;0.000101327;7.58245e-15;3.03694e-10;2.96822e-10;0;0.005656
0.0428;0.000109825;8.21839e-15;3.29504e-10;3.22276e-10;0;0.005946
0.0429;0.000118663;8.87971e-15;3.56499e-10;3.4878e-10;0;0.005863
0.043;0.000127827;9.56547e-15;3.84492e-10;3.76061e-10;0;0.005983
0.0431;0.000137336;1.0277e-14;4.13569e-10;4.04503e-10;0;0.005892
0.0432;0.000147168;1.10128e-14;4.43761e-10;4.34101e-10;0;0.006106
0.0433;0.000157341;1.17741e-14;4.74962e-10;4.64588e-10;0;0.005946
0.0434;0.000167837;1.25595e-14;5.07269e-10;4.96143e-10;0;0.006025
0.0435;0.000178655;1.3369e-14;5.40663e-10;5.28772e-10;0;0.005946
0.0436;0.000189852;1.42069e-14;5.75066e-10;5.62449e-10;0;0.005947
0.0437;0.000201337;1.50664e-14;6.10475e-10;5.97323e-10;0;0.006063
0.0438;0.000213115;1.59477e-14;6.46923e-10;6.33247e-10;0;0.006001
0.0439;0.00022527;1.68573e-14;6.84722e-10;6.70021e-10;0;0.005979
0.044;0.000237726;1.77894e-14;7.23351e-10;7.07926e-10;0;0.005592
0.0441;0.00025049;1.87445e-14;7.63066e-10;7.46834e-10;0;0.005905
0.0442;0.000263609;1.97262e-14;8.0383e-10;7.86827e-10;0;0.006022
0.0443;0.00027702;2.07298e-14;8.45615e-10;8.27898e-10;0;0.005898
0.0444;0.000290777;2.17593e-14;8.88185e-10;8.70033e-10;0;0.005902
0.0445;0.000304854;2.28126e-14;9.32144e-10;9.13167e-10;0;0.006053
0.0446;0.000319226;2.38881e-14;9.77046e-10;9.57287e-10;0;0.005873
0.0447;0.000333892;2.49856e-14;1.02311e-09;1.00245e-09;0;0.005839
0.0448;0.000348916;2.61099e-14;1.07018e-09;1.04868e-09;0;0.005963
0.0449;0.000364244;2.72569e-14;1.11843e-09;1.09596e-09;0;0.005828
0.045;0.000379919;2.84299e-14;1.1678e-09;1.14418e-09;0;0.005994
0.0451;0.000395879;2.96242e-14;1.2181e-09;1.19367e-09;0;0.005984
0.0452;0.000412154;3.08421e-14;1.26952e-09;1.24399e-09;0;0.006115
0.0453;0.000428725;3.20821e-14;1.32203e-09;1.29532e-09;0;0.006084
0.0454;0.00044564;3.33479e-14;1.37518e-09;1.34775e-09;0;0.005948
0.0455;0.000462844;3.46353e-14;1.42944e-09;1.40114e-09;0;0.005866
0.0456;0.000480392;3.59485e-14;1.48486e-09;1.45572e-09;0;0.006101
0.0457;0.00049824;3.7284e-14;1.54145e-09;1.51137e-09;0;0.006037
0.0458;0.000516385;3.86418e-14;1.59918e-09;1.56782e-09;0;0.005575
0.0459;0.000534856;4.00241e-14;1.65778e-09;1.62533e-09;0;0.00582
0.046;0.00055364;4.14297e-14;1.71765e-09;1.68384e-09;0;0.006015
0.0461;0.000572635;4.28511e-14;1.77832e-09;1.74338e-09;0;0.00594
0.0462;0.000592005;4.43006e-14;1.84014e-09;1.80409e-09;0;0.00588
0.0463;0.000611693;4.57739e-14;1.90295e-09;1.86567e-09;0;0.005897
0.0464;0.000631697;4.72708e-14;1.96698e-09;1.92838e-09;0;0.005995
0.0465;0.000651987;4.87892e-14;2.03194e-09;1.99189e-09;0;0.005987
0.0466;0.000672538;5.0327e-14;2.09777e-09;2.05642e-09;0;0.006043
0.0467;0.000693387;5.18872e-14;2.16476e-09;2.12191e-09;0;0.006017
0.0468;0.000714561;5.34717e-14;2.23267e-09;2.18845e-09;0;0.00593
0.0469;0.000736089;5.50826e-14;2.30145e-09;2.256e-09;0;0.006039
0.047;0.000757872;5.67127e-14;2.37141e-09;2.32464e-09;0;0.00618
0.0471;0.000779912;5.83619e-14;2.44216e-09;2.39431e-09;0;0.006043
0.0472;0.00080226;6.00343e-14;2.51395e-09;2.46487e-09;0;0.007028
0.0473;0.000824946;6.17319e-14;2.58674e-09;2.53645e-09;0;0.005963
0.0474;0.000847833;6.34446e-14;2.66043e-09;2.60894e-09;0;0.005867
0.0475;0.000871052;6.51821e-14;2.73514e-09;2.6825e-09;0;0.006012
0.0476;0.000894547;6.69402e-14;2.81056e-09;2.75692e-09;0;0.006048
0.0477;0.000918287;6.87168e-14;2.88718e-09;2.83237e-09;0;0.006017
0.0478;0.000942417;7.05224e-14;2.96506e-09;2.90873e-09;0;0.005978
0.0479;0.000966844;7.23503e-14;3.04407e-09;2.98603e-09;0;0.005813
0.048;0.000991526;7.41974e-14;3.12395e-09;3.06442e-09;0;0.005638
0.0481;0.00101648;7.60647e-14;3.20443e-09;3.14357e-09;0;0.005964
0.0482;0.00104175;7.79559e-14;3.28623e-09;3.22374e-09;0;0.006119
0.0483;0.00106722;7.98615e-14;3.36899e-09;3.30493e-09;0;0.005707
0.0484;0.00109299;8.17902e-14;3.45282e-09;3.38711e-09;0;0.00587
0.0485;0.00111907;8.37413e-14;3.53732e-09;3.47018e-09;0;0.005963
0.0486;0.00114543;8.57143e-14;3.62258e-09;3.55425e-09;0;0.005927
0.0487;0.00117203;8.77049e-14;3.709e-09;3.63922e-09;0;0.006198
0.0488;0.00119896;8.97202e-14;3.79661e-09;3.72499e-09;0;0.005639
0.0489;0.00122611;9.17518e-14;3.88527e-09;3.81182e-09;0;0.005909
0.049;0.0012536;9.38085e-14;3.97421e-09;3.89952e-09;0;0.005971
0.0491;0.0012813;9.58819e-14;4.06428e-09;3.98811e-09;0;0.005838
0.0492;0.00130922;9.79708e-14;4.15483e-09;4.07749e-09;0;0.006021
0.0493;0.00133752;1.00088e-13;4.24692e-09;4.16796e-09;0;0.005819
0.0494;0.00136605;1.02224e-13;4.33969e-09;4.25941e-09;0;0.00572
0.0495;0.00139478;1.04373e-13;4.43291e-09;4.3517e-09;0;0.006054
0.0496;0.00142382;1.06547e-13;4.52784e-09;4.44501e-09;0;0.005913
0.0497;0.00145321;1.08746e-13;4.6237e-09;4.5388e-09;0;0.005954
0.0498;0.00148283;1.10963e-13;4.71987e-09;4.63366e-09;0;0.005945
0.0499;0.00151273;1.13199e-13;4.81728e-09;4.72941e-09;0;0.005714

